embedLink|length|title|something|empty|thumbnailLink
"<iframe src=""https://www.pornhub.com/embed/842422368"" frameborder=""0"" width=""560"" height=""340"" scrolling=""no"" allowfullscreen></iframe>"|"51.2"|"Bolly Woman Hear Her Music"|"422"|""|"https://ei.phncdn.com/videos/201409/06/31743222/original/(m=eGcEGgaaaa)(mh=Arhf1FoA3Ityde-3)2.jpg"
"<iframe src=""https://www.pornhub.com/embed/1192252526"" frameborder=""0"" width=""560"" height=""340"" scrolling=""no"" allowfullscreen></iframe>"|"56.9"|"How About A Handjob For Breakfast?"|"400"|""|"https://ei.phncdn.com/videos/201503/10/45934672/original/(m=eGcEGgaaaa)(mh=jPeoXLRUtt_W6Gu6)7.jpg"
"<iframe src=""https://www.pornhub.com/embed/ph55afade3c4134"" frameborder=""0"" width=""560"" height=""340"" scrolling=""no"" allowfullscreen></iframe>"|"60.87"|"Tattooed dark haired slut enjoys solo fun"|"480"|""|"https://ei.phncdn.com/videos/201507/22/53456951/original/(m=eGcEGgaaaa)(mh=4z5TdH3XIorhPJZN)9.jpg"
"<iframe src=""https://www.pornhub.com/embed/1874785752"" frameborder=""0"" width=""560"" height=""340"" scrolling=""no"" allowfullscreen></iframe>"|"72.34"|"Annie gets all creamy"|"607"|""|"https://ei.phncdn.com/videos/201401/17/22082092/original/(m=eGcEGgaaaa)(mh=ppbcVJntWud7DCrG)11.jpg"
"<iframe src=""https://www.pornhub.com/embed/276138480"" frameborder=""0"" width=""560"" height=""340"" scrolling=""no"" allowfullscreen></iframe>"|"60.32"|"Handjob Massage Time From Indian MILF"|"458"|""|"https://ei.phncdn.com/videos/201410/13/33391832/original/(m=eGcEGgaaaa)(mh=YzhPJen0j00TxV11)12.jpg"
"<iframe src=""https://www.pornhub.com/embed/17086760"" frameborder=""0"" width=""560"" height=""340"" scrolling=""no"" allowfullscreen></iframe>"|"62.3"|"Nikki2007 From Pornhublive Plays With Tits & Snatch On Bed"|"203"|""|"https://ei.phncdn.com/videos/200912/18/1010408/original/(m=eGcEGgaaaa)(mh=FvCEAJtlZR2vLL8z)15.jpg"
"<iframe src=""https://www.pornhub.com/embed/05b217fe8ea2b78b1f76"" frameborder=""0"" width=""560"" height=""340"" scrolling=""no"" allowfullscreen></iframe>"|"79.75"|"Another cocksucking euro slut"|"962"|""|"https://ei.phncdn.com/videos/201010/28/85647/original/(m=eGcEGgaaaa)(mh=By4GyAWzHhomVSoI)12.jpg"
"<iframe src=""https://www.pornhub.com/embed/ph566226086a533"" frameborder=""0"" width=""560"" height=""340"" scrolling=""no"" allowfullscreen></iframe>"|"75"|"1298 Liz Cums In Heels - Scene 1"|"1136"|""|"https://ei.phncdn.com/videos/201512/04/63091271/original/(m=eGcEGgaaaa)(mh=UtTaDVau3J_Izktc)2.jpg"
"<iframe src=""https://www.pornhub.com/embed/ph563004e07846b"" frameborder=""0"" width=""560"" height=""340"" scrolling=""no"" allowfullscreen></iframe>"|"68.02"|"Sticky sweet lesbians Charley and Capri have some fun"|"509"|"Capri Cavanni;Charley Chase"|"https://ei.phncdn.com/videos/201510/27/60412691/original/(m=eGcEGgaaaa)(mh=B1aDv_QN1unENnym)10.jpg"
"<iframe src=""https://www.pornhub.com/embed/ph55f81d5a98aec"" frameborder=""0"" width=""560"" height=""340"" scrolling=""no"" allowfullscreen></iframe>"|"60.27"|"Amazing slut gives head and rides cock"|"480"|""|"https://ei.phncdn.com/videos/201509/15/57354901/original/(m=eGcEGgaaaa)(mh=JvZQ9tlyOMFhdSQ1)13.jpg"
"<iframe src=""https://www.pornhub.com/embed/ph5965e33419d60"" frameborder=""0"" width=""560"" height=""340"" scrolling=""no"" allowfullscreen></iframe>"|"74.36"|"EuropeMaturE Horny Amanda Playing Alone with pussy"|"497"|""|"https://ei.phncdn.com/videos/201707/12/124106271/original/(m=eGcEGgaaaa)(mh=pGD4rq5wn5nzyVen)11.jpg"
"<iframe src=""https://www.pornhub.com/embed/ph5971101d684db"" frameborder=""0"" width=""560"" height=""340"" scrolling=""no"" allowfullscreen></iframe>"|"58.06"|"Artsy bathtub solo session with Jezebelle Bond"|"372"|"Jezebelle Bond"|"https://ei.phncdn.com/videos/201707/20/125230501/original/(m=eGcEGgaaaa)(mh=7XUti47Zc5hv_zhO)9.jpg"
"<iframe src=""https://www.pornhub.com/embed/ph59c829618617f"" frameborder=""0"" width=""560"" height=""340"" scrolling=""no"" allowfullscreen></iframe>"|"64.81"|"This Time Sex On the Couch"|"479"|""|"https://ei.phncdn.com/videos/201709/24/134184781/original/(m=eGcEGgaaaa)(mh=Dth93rl3QNSRGVOZ)7.jpg"
"<iframe src=""https://www.pornhub.com/embed/ph5763640ac0ff4"" frameborder=""0"" width=""560"" height=""340"" scrolling=""no"" allowfullscreen></iframe>"|"70.3"|"Milf Heidi Horses Around With His Guy"|"414"|""|"https://ei.phncdn.com/videos/201606/17/79782791/original/(m=eGcEGgaaaa)(mh=qFQJEhlreNky0QIR)12.jpg"
"<iframe src=""https://www.pornhub.com/embed/ph59dfae0e39a3e"" frameborder=""0"" width=""560"" height=""340"" scrolling=""no"" allowfullscreen></iframe>"|"80.82"|"Amateur MILF in a mask sucks and fucks"|"444"|""|"https://ei.phncdn.com/videos/201710/12/136607952/original/(m=eGcEGgaaaa)(mh=G16zhWa3mOKY1TSw)4.jpg"
"<iframe src=""https://www.pornhub.com/embed/ph5e22cf2578808"" frameborder=""0"" width=""560"" height=""340"" scrolling=""no"" allowfullscreen></iframe>"|"0"|"Fucking pussy catcat"|"57"|""|"https://ei.phncdn.com/videos/202001/18/277503461/original/(m=eGcEGgaaaa)(mh=HWNuO-E6wB6yqwhw)7.jpg"
"<iframe src=""https://www.pornhub.com/embed/ph5abc4168bf7cb"" frameborder=""0"" width=""560"" height=""340"" scrolling=""no"" allowfullscreen></iframe>"|"76.87"|"Towlie Gives A Good Blowjob"|"422"|""|"https://ei.phncdn.com/videos/201803/29/159982452/original/(m=eGcEGgaaaa)(mh=rMYUIIqflHBJ8Ezl)8.jpg"
"<iframe src=""https://www.pornhub.com/embed/ph5c59e441d9e08"" frameborder=""0"" width=""560"" height=""340"" scrolling=""no"" allowfullscreen></iframe>"|"35.29"|"Feet Porn And Femdom Foot Fetish Videos"|"487"|""|"https://ei.phncdn.com/videos/201902/05/205994531/original/(m=eGcEGgaaaa)(mh=PrwM2rHTHNbdSFTU)1.jpg"
"<iframe src=""https://www.pornhub.com/embed/ph5c48aeac85a6e"" frameborder=""0"" width=""560"" height=""340"" scrolling=""no"" allowfullscreen></iframe>"|"28.57"|"Finger Fucking Italian MILF"|"510"|""|"https://ei.phncdn.com/videos/201901/23/203397601/original/(m=eGcEGgaaaa)(mh=kk2NfauruztbdQMd)2.jpg"
"<iframe src=""https://www.pornhub.com/embed/ph5d5aaacb4e74a"" frameborder=""0"" width=""560"" height=""340"" scrolling=""no"" allowfullscreen></iframe>"|"82.61"|"Playroom Seduction - Reality Lovers"|"474"|""|"https://ei.phncdn.com/videos/201908/19/242730801/original/(m=q5M_N9UbeGcEGgaaaa)(mh=0sQ5XghIzTwoXS30)0.jpg"
"<iframe src=""https://www.pornhub.com/embed/ph57128b816f1df"" frameborder=""0"" width=""560"" height=""340"" scrolling=""no"" allowfullscreen></iframe>"|"65"|"She Relaxes The Easy Way"|"720"|""|"https://ei.phncdn.com/videos/201604/16/74042131/original/(m=eGcEGgaaaa)(mh=22w_fSn7UKDzwH1d)0.jpg"
"<iframe src=""https://www.pornhub.com/embed/ph5870b22f706e3"" frameborder=""0"" width=""560"" height=""340"" scrolling=""no"" allowfullscreen></iframe>"|"70.18"|"Bollywood Indian Babe So Seductive"|"478"|""|"https://ei.phncdn.com/videos/201701/07/101498452/original/(m=eGcEGgaaaa)(mh=yAfFtxjPWLP_w7hf)13.jpg"
"<iframe src=""https://www.pornhub.com/embed/204137934"" frameborder=""0"" width=""560"" height=""340"" scrolling=""no"" allowfullscreen></iframe>"|"55.91"|"Milf Honey Wants Some Man Honey"|"688"|""|"https://ei.phncdn.com/videos/201207/04/5227993/original/(m=eGcEGgaaaa)(mh=X0h5o-95FfaXNubU)13.jpg"
"<iframe src=""https://www.pornhub.com/embed/1769156935"" frameborder=""0"" width=""560"" height=""340"" scrolling=""no"" allowfullscreen></iframe>"|"82.18"|"Cum Stained Milfs 02 - Scene 4"|"1172"|""|"https://ei.phncdn.com/videos/201212/17/8226641/original/(m=eGcEGgaaaa)(mh=HB4xCM9rXktVUFtu)7.jpg"
"<iframe src=""https://www.pornhub.com/embed/1578436013"" frameborder=""0"" width=""560"" height=""340"" scrolling=""no"" allowfullscreen></iframe>"|"78.65"|"Anally toyed wife then sucks it good"|"721"|""|"https://ei.phncdn.com/videos/201301/10/8840181/original/(m=eGcEGgaaaa)(mh=GHqE50B1kyEFtpKl)10.jpg"
"<iframe src=""https://www.pornhub.com/embed/1755114020"" frameborder=""0"" width=""560"" height=""340"" scrolling=""no"" allowfullscreen></iframe>"|"72.34"|"Milf Sweetie Banged"|"377"|""|"https://ei.phncdn.com/videos/201204/10/5028952/original/(m=eGcEGgaaaa)(mh=fAdaScG8xTwJdob4)10.jpg"
"<iframe src=""https://www.pornhub.com/embed/762632733"" frameborder=""0"" width=""560"" height=""340"" scrolling=""no"" allowfullscreen></iframe>"|"58.62"|"Busty Adrianna Gets Pussy Licked"|"638"|""|"https://ei.phncdn.com/videos/201205/11/5109665/original/(m=eGcEGgaaaa)(mh=--Z3rHdK3MhsWd2G)2.jpg"
"<iframe src=""https://www.pornhub.com/embed/792325214"" frameborder=""0"" width=""560"" height=""340"" scrolling=""no"" allowfullscreen></iframe>"|"72.83"|"Hot Milf Babe Fucked Hard"|"372"|""|"https://ei.phncdn.com/videos/201407/10/29235631/original/(m=eGcEGgaaaa)(mh=Yi73Gx4qHQtmqyIR)10.jpg"
"<iframe src=""https://www.pornhub.com/embed/ph5b255e92dcdc5"" frameborder=""0"" width=""560"" height=""340"" scrolling=""no"" allowfullscreen></iframe>"|"65.35"|"Bolly Lover So Pretty"|"480"|""|"https://ei.phncdn.com/videos/201806/16/170689001/original/(m=eGcEGgaaaa)(mh=cKW-aufiTGLTWsMa)3.jpg"
"<iframe src=""https://www.pornhub.com/embed/ph59bf19950891a"" frameborder=""0"" width=""560"" height=""340"" scrolling=""no"" allowfullscreen></iframe>"|"68.97"|"Amateur Couple Is Having Fun In the Bathroom"|"420"|""|"https://ei.phncdn.com/videos/201709/18/133259421/original/(m=eGcEGgaaaa)(mh=_cec6cmEfFH5Y54H)9.jpg"
"<iframe src=""https://www.pornhub.com/embed/ph56655c1202d4c"" frameborder=""0"" width=""560"" height=""340"" scrolling=""no"" allowfullscreen></iframe>"|"62"|"Nice Body to Tease"|"360"|""|"https://ei.phncdn.com/videos/201512/07/63253251/original/(m=eGcEGgaaaa)(mh=jdi9EI0b3tnNu0mr)9.jpg"
"<iframe src=""https://www.pornhub.com/embed/ph56b13b4398504"" frameborder=""0"" width=""560"" height=""340"" scrolling=""no"" allowfullscreen></iframe>"|"77.21"|"MexiMILF Takes on a Young Studs Cock"|"405"|"Gabby Quinteros"|"https://ei.phncdn.com/videos/201602/03/67686251/original/(m=eGcEGgaaaa)(mh=rnjm-vBrtgWMFBcT)15.jpg"
"<iframe src=""https://www.pornhub.com/embed/ph578fb1d4602de"" frameborder=""0"" width=""560"" height=""340"" scrolling=""no"" allowfullscreen></iframe>"|"72.73"|"latina milf performs pussy massage trying to squirt for her step son"|"605"|""|"https://ei.phncdn.com/videos/201607/20/82848771/original/(m=eGcEGgaaaa)(mh=JC4suKmklMTxBJ94)13.jpg"
"<iframe src=""https://www.pornhub.com/embed/1943610414"" frameborder=""0"" width=""560"" height=""340"" scrolling=""no"" allowfullscreen></iframe>"|"68.75"|"That Erotic Feeling Ignited"|"320"|""|"https://ei.phncdn.com/videos/201407/18/29593811/original/(m=eGcEGgaaaa)(mh=BP7f04FkvmkshT6U)11.jpg"
"<iframe src=""https://www.pornhub.com/embed/1355868121"" frameborder=""0"" width=""560"" height=""340"" scrolling=""no"" allowfullscreen></iframe>"|"75.58"|"Deliver The Anal Sex Goods"|"360"|""|"https://ei.phncdn.com/videos/201406/23/28510821/original/(m=eGcEGgaaaa)(mh=rxRubp316ItomyPl)2.jpg"
"<iframe src=""https://www.pornhub.com/embed/176075634"" frameborder=""0"" width=""560"" height=""340"" scrolling=""no"" allowfullscreen></iframe>"|"73.44"|"Nasty European Threesome"|"472"|""|"https://ei.phncdn.com/videos/201406/24/28518841/original/(m=eGcEGgaaaa)(mh=imJVov7FsvQuo-ST)10.jpg"
"<iframe src=""https://www.pornhub.com/embed/ph59c3651639e14"" frameborder=""0"" width=""560"" height=""340"" scrolling=""no"" allowfullscreen></iframe>"|"60"|"BBW Wife Waiting fora Hot Sex"|"480"|""|"https://ei.phncdn.com/videos/201709/21/133689731/original/(m=eGcEGgaaaa)(mh=2pXx53loWTy4xAlb)10.jpg"
"<iframe src=""https://www.pornhub.com/embed/711959151"" frameborder=""0"" width=""560"" height=""340"" scrolling=""no"" allowfullscreen></iframe>"|"77.24"|"Blonde angel is having fun with her soaking wet cunt"|"421"|""|"https://ei.phncdn.com/videos/201502/25/45349301/original/(m=eGcEGgaaaa)(mh=GRFpZ8NO3WhqYX6B)12.jpg"
"<iframe src=""https://www.pornhub.com/embed/ph564de6a145c0d"" frameborder=""0"" width=""560"" height=""340"" scrolling=""no"" allowfullscreen></iframe>"|"58.16"|"Threesome Interracial Fuck Fantasy"|"420"|""|"https://ei.phncdn.com/videos/201511/19/61984201/original/(m=eGcEGgaaaa)(mh=w1uz_KZ3kp7XujOz)0.jpg"
"<iframe src=""https://www.pornhub.com/embed/ph5671bc60c26dc"" frameborder=""0"" width=""560"" height=""340"" scrolling=""no"" allowfullscreen></iframe>"|"73.33"|"British milf Tori Baynes plays with her sex toy"|"370"|""|"https://ei.phncdn.com/videos/201512/17/63951691/original/(m=eGcEGgaaaa)(mh=_-_BIPe7tNOmeW-i)7.jpg"
"<iframe src=""https://www.pornhub.com/embed/ph59c848266e669"" frameborder=""0"" width=""560"" height=""340"" scrolling=""no"" allowfullscreen></iframe>"|"70.51"|"She Is Serious When It Comes To Blowjob"|"480"|""|"https://ei.phncdn.com/videos/201709/25/134197901/original/(m=eGcEGgaaaa)(mh=KSkrzJU5hlixvqQE)6.jpg"
"<iframe src=""https://www.pornhub.com/embed/ph5995f2689954c"" frameborder=""0"" width=""560"" height=""340"" scrolling=""no"" allowfullscreen></iframe>"|"69.23"|"Sexy Blonde MILF Shows Off Her Impressive Skills"|"450"|""|"https://ei.phncdn.com/videos/201708/17/128947021/original/(m=eGcEGgaaaa)(mh=3bnkV3ryIVhDooo8)3.jpg"
"<iframe src=""https://www.pornhub.com/embed/ph5966fcfc30525"" frameborder=""0"" width=""560"" height=""340"" scrolling=""no"" allowfullscreen></iframe>"|"61.79"|"Bollywood Queen Of Erotic Dance Sexy MILF"|"527"|""|"https://ei.phncdn.com/videos/201707/13/124222501/original/(m=eGcEGgaaaa)(mh=eGDV4BKMyq2nVisr)8.jpg"
"<iframe src=""https://www.pornhub.com/embed/ph56d49120ceb41"" frameborder=""0"" width=""560"" height=""340"" scrolling=""no"" allowfullscreen></iframe>"|"72.83"|"Brunette MILF Bathtub Time"|"360"|""|"https://ei.phncdn.com/videos/201602/29/69894681/original/(m=eGcEGgaaaa)(mh=qB27UVo-n-bbfP5x)14.jpg"
"<iframe src=""https://www.pornhub.com/embed/ph58ce4f4a6a013"" frameborder=""0"" width=""560"" height=""340"" scrolling=""no"" allowfullscreen></iframe>"|"63.33"|"Lovely Chubby Italian Wife"|"577"|""|"https://ei.phncdn.com/videos/201703/19/110154662/original/(m=eGcEGgaaaa)(mh=99HZZ1rx_Ai54QMl)4.jpg"
"<iframe src=""https://www.pornhub.com/embed/ph581c12e1d555a"" frameborder=""0"" width=""560"" height=""340"" scrolling=""no"" allowfullscreen></iframe>"|"60.56"|"My-Sexy-Place.com - Barbie - Sexy MILF Zuhause"|"610"|""|"https://ei.phncdn.com/videos/201611/04/95001191/original/(m=eGcEGgaaaa)(mh=M1ekvTCL2YPVK0H2)12.jpg"
"<iframe src=""https://www.pornhub.com/embed/ph5721b58faf39a"" frameborder=""0"" width=""560"" height=""340"" scrolling=""no"" allowfullscreen></iframe>"|"66.47"|"Wifey Mahina Zaltana Fucks A Stranger"|"366"|""|"https://ei.phncdn.com/videos/201604/28/75169661/original/(m=eGcEGgaaaa)(mh=Rrg5nKJ96n1kSe_C)3.jpg"
"<iframe src=""https://www.pornhub.com/embed/ph55b987e0b28be"" frameborder=""0"" width=""560"" height=""340"" scrolling=""no"" allowfullscreen></iframe>"|"78.02"|"Tiana Has Two Fingers Deep in Her Wet Hole"|"434"|""|"https://ei.phncdn.com/videos/201507/29/54027751/original/(m=eGcEGgaaaa)(mh=8Ns726cKGoYXZzIB)10.jpg"
"<iframe src=""https://www.pornhub.com/embed/ph5d592efc9e5cd"" frameborder=""0"" width=""560"" height=""340"" scrolling=""no"" allowfullscreen></iframe>"|"52.5"|"Perfect Body Solo Mom"|"420"|""|"https://ei.phncdn.com/videos/201908/18/242481751/original/(m=eGcEGgaaaa)(mh=fuDSQx6nVZvgO4RE)15.jpg"
"<iframe src=""https://www.pornhub.com/embed/ph5c700337407b4"" frameborder=""0"" width=""560"" height=""340"" scrolling=""no"" allowfullscreen></iframe>"|"79.17"|"Hot gym fuck in VR"|"363"|""|"https://ei.phncdn.com/videos/201902/22/209221941/original/(m=eGcEGgaaaa)(mh=VWbxGkNUattFMv-X)8.jpg"
"<iframe src=""https://www.pornhub.com/embed/ph59a5155dc856f"" frameborder=""0"" width=""560"" height=""340"" scrolling=""no"" allowfullscreen></iframe>"|"74.55"|"TeenUses Peppermint Toy To Masturbate And Orgasm"|"480"|""|"https://ei.phncdn.com/videos/201708/29/130421651/original/(m=eGcEGgaaaa)(mh=gfujj43Mu5_0xDsF)4.jpg"
"<iframe src=""https://www.pornhub.com/embed/ph5beca811b88b3"" frameborder=""0"" width=""560"" height=""340"" scrolling=""no"" allowfullscreen></iframe>"|"56.67"|"POV Domination And Femdom JOI Porn"|"457"|""|"https://ei.phncdn.com/videos/201811/14/192105131/original/(m=eGcEGgaaaa)(mh=CH6Bj2fSHPAoY9vu)1.jpg"
"<iframe src=""https://www.pornhub.com/embed/ph5a0a96354d9c5"" frameborder=""0"" width=""560"" height=""340"" scrolling=""no"" allowfullscreen></iframe>"|"67.24"|"Playing her pussy with toy until she cum"|"480"|""|"https://ei.phncdn.com/videos/201711/14/141064872/original/(m=eGcEGgaaaa)(mh=hYHfAkZeM2cq9bq4)11.jpg"
"<iframe src=""https://www.pornhub.com/embed/ph5a28cba3a85f1"" frameborder=""0"" width=""560"" height=""340"" scrolling=""no"" allowfullscreen></iframe>"|"74.8"|"Cascading Waterfall Indian Babe From Asia"|"668"|""|"https://ei.phncdn.com/videos/201712/07/144345912/original/(m=eGcEGgaaaa)(mh=_gHcrobEXZUxhURU)7.jpg"
"<iframe src=""https://www.pornhub.com/embed/ph5a28d244f3643"" frameborder=""0"" width=""560"" height=""340"" scrolling=""no"" allowfullscreen></iframe>"|"47.83"|"Sexyn Beauty From Exotic Orient"|"675"|""|"https://ei.phncdn.com/videos/201712/07/144348142/original/(m=eGcEGgaaaa)(mh=EES09VmkCGCdRm2P)1.jpg"
"<iframe src=""https://www.pornhub.com/embed/ph56b69eae5eda7"" frameborder=""0"" width=""560"" height=""340"" scrolling=""no"" allowfullscreen></iframe>"|"61.8"|"A Blowjob Dream"|"360"|""|"https://ei.phncdn.com/videos/201602/07/68027821/original/(m=eGcEGgaaaa)(mh=rmDRhNyBYxhxrKdh)14.jpg"
"<iframe src=""https://www.pornhub.com/embed/ph589c0ee672d7b"" frameborder=""0"" width=""560"" height=""340"" scrolling=""no"" allowfullscreen></iframe>"|"76.34"|"A Lady Dances In A Shadow Of Light"|"480"|""|"https://ei.phncdn.com/videos/201702/09/105466172/original/(m=eGcEGgaaaa)(mh=GFZeTPWO14rJkgvv)11.jpg"
"<iframe src=""https://www.pornhub.com/embed/1519949320"" frameborder=""0"" width=""560"" height=""340"" scrolling=""no"" allowfullscreen></iframe>"|"74.75"|"Hot Outdoor-Bitches"|"458"|""|"https://ei.phncdn.com/videos/201311/03/19265292/original/(m=eGcEGgaaaa)(mh=KumXVOnx7CL0EWnB)5.jpg"
"<iframe src=""https://www.pornhub.com/embed/189503978"" frameborder=""0"" width=""560"" height=""340"" scrolling=""no"" allowfullscreen></iframe>"|"69.41"|"Hot MiLF Aya Kurosaki in sexy lingerie playing with her sex toys"|"488"|""|"https://ei.phncdn.com/videos/201303/28/10861831/original/(m=eGcEGgaaaa)(mh=2qDxP7zeKVycMmxX)8.jpg"
"<iframe src=""https://www.pornhub.com/embed/ph5a8b61072df94"" frameborder=""0"" width=""560"" height=""340"" scrolling=""no"" allowfullscreen></iframe>"|"73.12"|"Perfect Natural Indian Beauty From New Delhi"|"485"|""|"https://ei.phncdn.com/videos/201802/19/155285062/original/(m=eGcEGgaaaa)(mh=bX4FamAdkK0FVnZk)11.jpg"
"<iframe src=""https://www.pornhub.com/embed/ph5824160b6437e"" frameborder=""0"" width=""560"" height=""340"" scrolling=""no"" allowfullscreen></iframe>"|"46.32"|"Anal Massage That Feels Amazing"|"720"|""|"https://ei.phncdn.com/videos/201611/10/95647991/original/(m=eGcEGgaaaa)(mh=sVhxl7pPGc2yzdEm)14.jpg"
"<iframe src=""https://www.pornhub.com/embed/ph55f94a9d96dd5"" frameborder=""0"" width=""560"" height=""340"" scrolling=""no"" allowfullscreen></iframe>"|"53.33"|"Sexy MILF spanked her man"|"480"|""|"https://ei.phncdn.com/videos/201509/16/57425351/original/(m=eGcEGgaaaa)(mh=qY0KG2Mh9Az_V723)2.jpg"
"<iframe src=""https://www.pornhub.com/embed/378404425"" frameborder=""0"" width=""560"" height=""340"" scrolling=""no"" allowfullscreen></iframe>"|"72.73"|"Amateur Milf sucks and fucks at home with cumshot"|"807"|""|"https://ei.phncdn.com/videos/201302/20/9914141/original/(m=eGcEGgaaaa)(mh=fZhgQbvxg5emH-qk)5.jpg"
"<iframe src=""https://www.pornhub.com/embed/ph569bd7a443bba"" frameborder=""0"" width=""560"" height=""340"" scrolling=""no"" allowfullscreen></iframe>"|"71.54"|"CFNM Blowjob Experience"|"663"|""|"https://ei.phncdn.com/videos/201601/17/66324801/original/(m=eGcEGgaaaa)(mh=l_eQWneBuU_8OdkB)13.jpg"
"<iframe src=""https://www.pornhub.com/embed/ph5d97b91e200be"" frameborder=""0"" width=""560"" height=""340"" scrolling=""no"" allowfullscreen></iframe>"|"64.91"|"Cam Cutie Its Cleo Stuffs Face Between Curly Haired GFs Legs"|"600"|""|"https://ei.phncdn.com/videos/201910/04/252768131/original/(m=eGcEGgaaaa)(mh=Pp6AonhgWHyd2xiP)15.jpg"
"<iframe src=""https://www.pornhub.com/embed/1723175334"" frameborder=""0"" width=""560"" height=""340"" scrolling=""no"" allowfullscreen></iframe>"|"66.67"|"Gym Milf Fucked And Jizzed On"|"370"|""|"https://ei.phncdn.com/videos/201303/25/10771561/original/(m=eGcEGgaaaa)(mh=hcuhm5g5ey7Kr-l8)9.jpg"
"<iframe src=""https://www.pornhub.com/embed/ph58ae17c1babf8"" frameborder=""0"" width=""560"" height=""340"" scrolling=""no"" allowfullscreen></iframe>"|"50"|"An Outdoor Sex Session By A Chubby Woman With Her Partner"|"720"|""|"https://ei.phncdn.com/videos/201702/22/107205062/original/(m=eGcEGgaaaa)(mh=yB9jhcFavJg_1UWh)2.jpg"
"<iframe src=""https://www.pornhub.com/embed/ph595177ccd5045"" frameborder=""0"" width=""560"" height=""340"" scrolling=""no"" allowfullscreen></iframe>"|"92.68"|"Brunette MILF Jezebelle gets steamy in the shower"|"370"|"Jezebelle Bond"|"https://ei.phncdn.com/videos/201706/26/122027771/original/(m=eGcEGgaaaa)(mh=sPEvxsjVOkkuJuti)14.jpg"
"<iframe src=""https://www.pornhub.com/embed/ph59b5701e77996"" frameborder=""0"" width=""560"" height=""340"" scrolling=""no"" allowfullscreen></iframe>"|"34.15"|"BBW make some Bad Ass Sex"|"420"|""|"https://ei.phncdn.com/videos/201709/10/132290411/original/(m=eGcEGgaaaa)(mh=GxjlMbd522NJ54mp)15.jpg"
"<iframe src=""https://www.pornhub.com/embed/ph585256df7eaa3"" frameborder=""0"" width=""560"" height=""340"" scrolling=""no"" allowfullscreen></iframe>"|"44.83"|"Milf Roxy Looking For Some Kicks"|"394"|""|"https://ei.phncdn.com/videos/201612/15/99127942/original/(m=eGcEGgaaaa)(mh=ATtTs7CNpJUtdVDe)16.jpg"
"<iframe src=""https://www.pornhub.com/embed/610535571"" frameborder=""0"" width=""560"" height=""340"" scrolling=""no"" allowfullscreen></iframe>"|"77.08"|"Mature blonde has nice big tits"|"331"|""|"https://ei.phncdn.com/videos/201108/01/4042891/original/(m=eGcEGgaaaa)(mh=cq0IOzbXuZZMnAMb)9.jpg"
"<iframe src=""https://www.pornhub.com/embed/ph5a736e7314fef"" frameborder=""0"" width=""560"" height=""340"" scrolling=""no"" allowfullscreen></iframe>"|"73.85"|"Latex Babes RubberDoll & Shae Fatale Do Hitachi Sex Together"|"450"|"RubberDoll"|"https://ei.phncdn.com/videos/201802/01/152889931/original/(m=eGcEGgaaaa)(mh=w4KB73mI3bTl7psU)7.jpg"
"<iframe src=""https://www.pornhub.com/embed/ph5b14409cd23fb"" frameborder=""0"" width=""560"" height=""340"" scrolling=""no"" allowfullscreen></iframe>"|"53.4"|"Femdom Cuckold Humiliation Porn Videos"|"497"|""|"https://ei.phncdn.com/videos/201806/03/168941882/original/(m=eGcEGgaaaa)(mh=zCi-7RhVAR1T1vql)0.jpg"
"<iframe src=""https://www.pornhub.com/embed/ph5ea5498268fab"" frameborder=""0"" width=""560"" height=""340"" scrolling=""no"" allowfullscreen></iframe>"|"36.36"|"nylon girlsÂ "|"63"|""|"https://ei.phncdn.com/videos/202004/26/307542071/original/(m=eGcEGgaaaa)(mh=yaTnq8yH0kSVbnv-)4.jpg"
"<iframe src=""https://www.pornhub.com/embed/1297516102"" frameborder=""0"" width=""560"" height=""340"" scrolling=""no"" allowfullscreen></iframe>"|"81.28"|"Stunning Sylvia reveals great ass and masturbates"|"149"|""|"https://ei.phncdn.com/videos/201010/15/2042706/original/(m=eGcEGgaaaa)(mh=utbQEsryiu42SOw2)12.jpg"
"<iframe src=""https://www.pornhub.com/embed/ph5a23538c4e617"" frameborder=""0"" width=""560"" height=""340"" scrolling=""no"" allowfullscreen></iframe>"|"65.79"|"Let's Shop For Fun Together"|"302"|""|"https://ei.phncdn.com/videos/201712/03/143739102/original/(m=eGcEGgaaaa)(mh=D7GurixTVKN1olUc)5.jpg"
"<iframe src=""https://www.pornhub.com/embed/158523753"" frameborder=""0"" width=""560"" height=""340"" scrolling=""no"" allowfullscreen></iframe>"|"74.07"|"Milf toys her ass before getting fucked"|"338"|""|"https://ei.phncdn.com/videos/201109/08/4070502/original/(m=eGcEGgaaaa)(mh=eydga3POIGWYdmN1)8.jpg"
"<iframe src=""https://www.pornhub.com/embed/ph569bd77f79d1d"" frameborder=""0"" width=""560"" height=""340"" scrolling=""no"" allowfullscreen></iframe>"|"66.43"|"Learn How To Connect Sexually"|"663"|""|"https://ei.phncdn.com/videos/201601/17/66324781/original/(m=eGcEGgaaaa)(mh=drDgdSBAkLL7Fcvj)11.jpg"
"<iframe src=""https://www.pornhub.com/embed/ph55d5b539e0175"" frameborder=""0"" width=""560"" height=""340"" scrolling=""no"" allowfullscreen></iframe>"|"54"|"Mature blonde whore sucks cock and fucks bottle"|"480"|""|"https://ei.phncdn.com/videos/201508/20/55442911/original/(m=eGcEGgaaaa)(mh=sjeUsiecKKDdgvwq)1.jpg"
"<iframe src=""https://www.pornhub.com/embed/ph5b1dac3348b0c"" frameborder=""0"" width=""560"" height=""340"" scrolling=""no"" allowfullscreen></iframe>"|"71.43"|"Foot Fetish and Foot Worshiping Tube Videos"|"417"|""|"https://ei.phncdn.com/videos/201806/10/169906771/original/(m=eGcEGgaaaa)(mh=kuJ_BrRmnOzgoijB)9.jpg"
"<iframe src=""https://www.pornhub.com/embed/ph5ed1c1f62f8e0"" frameborder=""0"" width=""560"" height=""340"" scrolling=""no"" allowfullscreen></iframe>"|"80.33"|"Tattooed Blonde Seduces Big Dicked Tattoo Lover"|"569"|""|"https://ei.phncdn.com/videos/202005/30/318886261/original/(m=eGcEGgaaaa)(mh=Jt6A1P-CfXZ8WXio)4.jpg"
"<iframe src=""https://www.pornhub.com/embed/ph57287e343b19e"" frameborder=""0"" width=""560"" height=""340"" scrolling=""no"" allowfullscreen></iframe>"|"79.35"|"Nasty lady in high heels teasing herself"|"635"|""|"https://ei.phncdn.com/videos/201605/03/75628041/original/(m=eGcEGgaaaa)(mh=PmcYhmSK5yQjjEdV)3.jpg"
"<iframe src=""https://www.pornhub.com/embed/ph567353cf5d489"" frameborder=""0"" width=""560"" height=""340"" scrolling=""no"" allowfullscreen></iframe>"|"69.9"|"Milf Nikki Sex Banged And Cumshot"|"380"|"Nikki Sexx"|"https://ei.phncdn.com/videos/201512/18/64039501/original/(m=eGcEGgaaaa)(mh=haXeYF6KfWkIMYHc)3.jpg"
"<iframe src=""https://www.pornhub.com/embed/60131132"" frameborder=""0"" width=""560"" height=""340"" scrolling=""no"" allowfullscreen></iframe>"|"75.68"|"New Lover For Hotwife"|"302"|""|"https://ei.phncdn.com/videos/201504/23/47983831/original/(m=eGcEGgaaaa)(mh=0CqnBJ1lYB3ZvZD8)0.jpg"
"<iframe src=""https://www.pornhub.com/embed/ph5a81f47f54f82"" frameborder=""0"" width=""560"" height=""340"" scrolling=""no"" allowfullscreen></iframe>"|"52.63"|"Busty Samantha 38g Jan live cam show for my members part 1"|"1200"|"Samantha 38g"|"https://ei.phncdn.com/videos/201802/12/154438932/thumbs_10/(m=eGcEGgaaaa)(mh=xZ85xSQWUZ5y3j37)10.jpg"
"<iframe src=""https://www.pornhub.com/embed/2097897980"" frameborder=""0"" width=""560"" height=""340"" scrolling=""no"" allowfullscreen></iframe>"|"74.03"|"MILF Cutie Tirrza Toying Her Pussy"|"364"|""|"https://ei.phncdn.com/videos/201407/24/29859212/original/(m=eGcEGgaaaa)(mh=wj2M76wb3ecG4hal)10.jpg"
"<iframe src=""https://www.pornhub.com/embed/ph572044736c99e"" frameborder=""0"" width=""560"" height=""340"" scrolling=""no"" allowfullscreen></iframe>"|"58.55"|"Old bitch takes two cocks at photosession"|"367"|""|"https://ei.phncdn.com/videos/201604/27/75054011/original/(m=eGcEGgaaaa)(mh=OQTzEwReSv1dJlIo)11.jpg"
"<iframe src=""https://www.pornhub.com/embed/4b1da0c6b62f96dbaf0a"" frameborder=""0"" width=""560"" height=""340"" scrolling=""no"" allowfullscreen></iframe>"|"81.98"|"Hot Latina in a Hot FUCK!"|"1824"|""|"https://ei.phncdn.com/videos/201010/28/84426/original/(m=eGcEGgaaaa)(mh=K5jWDtQLHpmY5Njn)9.jpg"
"<iframe src=""https://www.pornhub.com/embed/1618101282"" frameborder=""0"" width=""560"" height=""340"" scrolling=""no"" allowfullscreen></iframe>"|"58.28"|"Filthy mature slut vs small dick"|"420"|""|"https://ei.phncdn.com/videos/201012/30/2088321/original/(m=eGcEGgaaaa)(mh=G-glf3POQfug5QTi)15.jpg"
"<iframe src=""https://www.pornhub.com/embed/189338977"" frameborder=""0"" width=""560"" height=""340"" scrolling=""no"" allowfullscreen></iframe>"|"37.25"|"Hot Wife Sexy Strip Dance"|"489"|""|"https://ei.phncdn.com/videos/201408/10/30535252/original/(m=eGcEGgaaaa)(mh=TCqz5zX7YNDF9p8D)12.jpg"
"<iframe src=""https://www.pornhub.com/embed/ph5fdd569c08fbc"" frameborder=""0"" width=""560"" height=""340"" scrolling=""no"" allowfullscreen></iframe>"|"41.67"|"Lenka The Loving Dream Babe When Being alone with fun"|"450"|""|"https://ei.phncdn.com/videos/202012/19/378645012/original/(m=eGcEGgaaaa)(mh=o7pf5phr-JY9nOIx)14.jpg"
"<iframe src=""https://www.pornhub.com/embed/ph5b0dd3b877097"" frameborder=""0"" width=""560"" height=""340"" scrolling=""no"" allowfullscreen></iframe>"|"60"|"Fun With Seventies Rocky"|"420"|""|"https://ei.phncdn.com/videos/201805/29/168271072/original/(m=eGcEGgaaaa)(mh=CejJvH5TFAJmJc6O)7.jpg"
"<iframe src=""https://www.pornhub.com/embed/ph55f92dc72c9f2"" frameborder=""0"" width=""560"" height=""340"" scrolling=""no"" allowfullscreen></iframe>"|"69.1"|"Awesome blonde sucks big cock and gets fucked"|"480"|""|"https://ei.phncdn.com/videos/201509/16/57421901/original/(m=eGcEGgaaaa)(mh=GOwyNyDNEiazD3wj)7.jpg"
"<iframe src=""https://www.pornhub.com/embed/2030821698"" frameborder=""0"" width=""560"" height=""340"" scrolling=""no"" allowfullscreen></iframe>"|"74.47"|"Milf Thing 33 yo MILF knows how to suck and fuck"|"740"|"Nick Lang"|"https://ei.phncdn.com/videos/201407/08/29141031/original/(m=eGcEGgaaaa)(mh=UAG9li5OOs48_uCb)13.jpg"
"<iframe src=""https://www.pornhub.com/embed/ph5a20ec088c1fd"" frameborder=""0"" width=""560"" height=""340"" scrolling=""no"" allowfullscreen></iframe>"|"46.51"|"She is ready to taste and ride his big cock and waited him to cum into her"|"435"|""|"https://ei.phncdn.com/videos/201712/01/143480612/original/(m=eGcEGgaaaa)(mh=GPJUOkaeoec-FeAH)0.jpg"
"<iframe src=""https://www.pornhub.com/embed/ph58eb5483c641a"" frameborder=""0"" width=""560"" height=""340"" scrolling=""no"" allowfullscreen></iframe>"|"81.54"|"Naughty Babe Finger Fucks Her Pussy"|"608"|""|"https://ei.phncdn.com/videos/201704/10/112712491/original/(m=eGcEGgaaaa)(mh=7RDzIRurOd0arX2C)8.jpg"
"<iframe src=""https://www.pornhub.com/embed/225943014"" frameborder=""0"" width=""560"" height=""340"" scrolling=""no"" allowfullscreen></iframe>"|"64.66"|"First Time On Camera 02 - Scene 1"|"1577"|""|"https://ei.phncdn.com/videos/201112/23/4194022/original/(m=eGcEGgaaaa)(mh=g9UocrDvDQRilPko)16.jpg"
"<iframe src=""https://www.pornhub.com/embed/ph56b0d90eefa46"" frameborder=""0"" width=""560"" height=""340"" scrolling=""no"" allowfullscreen></iframe>"|"63.64"|"Exotic Indian Love Ritual"|"360"|""|"https://ei.phncdn.com/videos/201602/02/67653371/original/(m=eGcEGgaaaa)(mh=zi9wNxp57B1iiRBf)0.jpg"
"<iframe src=""https://www.pornhub.com/embed/ph584143ae92687"" frameborder=""0"" width=""560"" height=""340"" scrolling=""no"" allowfullscreen></iframe>"|"71.58"|"Homemade Amateur Busty Babe Masturbation"|"811"|""|"https://ei.phncdn.com/videos/201612/02/97897222/original/(m=eGcEGgaaaa)(mh=YKIu9TrFAFzqyJDf)16.jpg"
"<iframe src=""https://www.pornhub.com/embed/ph56b6a071957d2"" frameborder=""0"" width=""560"" height=""340"" scrolling=""no"" allowfullscreen></iframe>"|"64.47"|"A Handjob for a Hot Babe"|"361"|""|"https://ei.phncdn.com/videos/201602/07/68028271/original/(m=eGcEGgaaaa)(mh=GYBBPm6Fxp47Gwvi)11.jpg"
